<?xml version="1.0" encoding="utf-8"?>
<export version="D">
    <design>
        <source>/home/louis/Apitronics/Circuits/Bee/bee.sch</source>
        <date>Thu 09 Jan 2014 11:25:47 AM EST</date>
        <tool>eeschema (2014-01-08 BZR 4615)-product</tool>
    </design>
    <components>
        <comp ref="U8">
            <value>USB_TVS_WURTH</value>
            <libsource lib="bee-cache" part="USB_TVS_WURTH"/>
            <sheetpath names="/" tstamps="/"/>
            <tstamp>525858B6</tstamp>
        </comp>
        <comp ref="U11">
            <value>MCP9701A</value>
            <libsource lib="bee-cache" part="MCP970X"/>
            <sheetpath names="/" tstamps="/"/>
            <tstamp>52581D75</tstamp>
        </comp>
        <comp ref="R18">
            <value>3.3k</value>
            <libsource lib="device" part="R"/>
            <sheetpath names="/" tstamps="/"/>
            <tstamp>5256C4EC</tstamp>
        </comp>
        <comp ref="R10">
            <value>1.7k</value>
            <libsource lib="device" part="R"/>
            <sheetpath names="/" tstamps="/"/>
            <tstamp>5256C4E5</tstamp>
        </comp>
        <comp ref="C5">
            <value>4.7n</value>
            <libsource lib="device" part="C"/>
            <sheetpath names="/" tstamps="/"/>
            <tstamp>5256C40B</tstamp>
        </comp>
        <comp ref="R21">
            <value>1M</value>
            <libsource lib="device" part="R"/>
            <sheetpath names="/" tstamps="/"/>
            <tstamp>5256C408</tstamp>
        </comp>
        <comp ref="J3">
            <value>MICROUSB</value>
            <libsource lib="bee-cache" part="MICROUSB"/>
            <sheetpath names="/" tstamps="/"/>
            <tstamp>5256C3EC</tstamp>
        </comp>
        <comp ref="J1">
            <value>TEST</value>
            <libsource lib="bee-cache" part="TL2201OAXA"/>
            <sheetpath names="/" tstamps="/"/>
            <tstamp>5255903D</tstamp>
        </comp>
        <comp ref="R15">
            <value>15k</value>
            <libsource lib="device" part="R"/>
            <sheetpath names="/" tstamps="/"/>
            <tstamp>51B09F50</tstamp>
        </comp>
        <comp ref="R25">
            <value>15k</value>
            <libsource lib="device" part="R"/>
            <sheetpath names="/" tstamps="/"/>
            <tstamp>51B09EF5</tstamp>
        </comp>
        <comp ref="R26">
            <value>15k</value>
            <libsource lib="device" part="R"/>
            <sheetpath names="/" tstamps="/"/>
            <tstamp>51B09EAB</tstamp>
        </comp>
        <comp ref="R24">
            <value>27k</value>
            <libsource lib="device" part="R"/>
            <sheetpath names="/" tstamps="/"/>
            <tstamp>5183D510</tstamp>
        </comp>
        <comp ref="U5">
            <value>GPS</value>
            <libsource lib="bee-cache" part="GPS"/>
            <sheetpath names="/" tstamps="/"/>
            <tstamp>5190E172</tstamp>
        </comp>
        <comp ref="C22">
            <value>1uF</value>
            <libsource lib="device" part="C"/>
            <sheetpath names="/" tstamps="/"/>
            <tstamp>5190E037</tstamp>
        </comp>
        <comp ref="U9">
            <value>SD</value>
            <libsource lib="bee-cache" part="SD-FIXED"/>
            <sheetpath names="/" tstamps="/"/>
            <tstamp>5190DFF2</tstamp>
        </comp>
        <comp ref="C20">
            <value>20pF</value>
            <libsource lib="device" part="C"/>
            <sheetpath names="/" tstamps="/"/>
            <tstamp>512E0AA9</tstamp>
        </comp>
        <comp ref="U3">
            <value>ATXMEGA128A3U</value>
            <libsource lib="bee-cache" part="ATXMEGA128A3U"/>
            <sheetpath names="/" tstamps="/"/>
            <tstamp>509EA27F</tstamp>
        </comp>
        <comp ref="R3">
            <value>120k</value>
            <libsource lib="device" part="R"/>
            <sheetpath names="/" tstamps="/"/>
            <tstamp>510932D0</tstamp>
        </comp>
        <comp ref="R16">
            <value>20k</value>
            <libsource lib="device" part="R"/>
            <sheetpath names="/" tstamps="/"/>
            <tstamp>510932CC</tstamp>
        </comp>
        <comp ref="R20">
            <value>300</value>
            <libsource lib="device" part="R"/>
            <sheetpath names="/" tstamps="/"/>
            <tstamp>51093145</tstamp>
        </comp>
        <comp ref="D7">
            <value>XBEE</value>
            <libsource lib="device" part="LED"/>
            <sheetpath names="/" tstamps="/"/>
            <tstamp>5109312F</tstamp>
        </comp>
        <comp ref="C15">
            <value>10pF</value>
            <libsource lib="device" part="C"/>
            <sheetpath names="/" tstamps="/"/>
            <tstamp>51092FB2</tstamp>
        </comp>
        <comp ref="SHIELD1">
            <value>ARDUINO_SHIELD</value>
            <libsource lib="arduino_shieldsNCL" part="ARDUINO_SHIELD"/>
            <sheetpath names="/" tstamps="/"/>
            <tstamp>51092B23</tstamp>
        </comp>
        <comp ref="R17">
            <value>10k</value>
            <libsource lib="device" part="R"/>
            <sheetpath names="/" tstamps="/"/>
            <tstamp>50F9A07A</tstamp>
        </comp>
        <comp ref="R19">
            <value>10k</value>
            <libsource lib="device" part="R"/>
            <sheetpath names="/" tstamps="/"/>
            <tstamp>50F9A077</tstamp>
        </comp>
        <comp ref="U2">
            <value>DS1339</value>
            <libsource lib="bee-cache" part="DS1339"/>
            <sheetpath names="/" tstamps="/"/>
            <tstamp>50F18B1D</tstamp>
        </comp>
        <comp ref="C14">
            <value>10uF</value>
            <libsource lib="device" part="C"/>
            <sheetpath names="/" tstamps="/"/>
            <tstamp>50E45512</tstamp>
        </comp>
        <comp ref="C10">
            <value>10pF</value>
            <libsource lib="device" part="C"/>
            <sheetpath names="/" tstamps="/"/>
            <tstamp>50E454B2</tstamp>
        </comp>
        <comp ref="C11">
            <value>10pF</value>
            <libsource lib="device" part="C"/>
            <sheetpath names="/" tstamps="/"/>
            <tstamp>50E45478</tstamp>
        </comp>
        <comp ref="C13">
            <value>10pF</value>
            <libsource lib="device" part="C"/>
            <sheetpath names="/" tstamps="/"/>
            <tstamp>50E45438</tstamp>
        </comp>
        <comp ref="C12">
            <value>10pF</value>
            <libsource lib="device" part="C"/>
            <sheetpath names="/" tstamps="/"/>
            <tstamp>50E453DF</tstamp>
        </comp>
        <comp ref="R13">
            <value>15k</value>
            <libsource lib="device" part="R"/>
            <sheetpath names="/" tstamps="/"/>
            <tstamp>50E35022</tstamp>
        </comp>
        <comp ref="U10">
            <value>PDI</value>
            <libsource lib="bee-cache" part="PDI"/>
            <sheetpath names="/" tstamps="/"/>
            <tstamp>50E341D7</tstamp>
        </comp>
        <comp ref="BT1">
            <value>3.3V BACK-UP</value>
            <libsource lib="device" part="BATTERY"/>
            <sheetpath names="/" tstamps="/"/>
            <tstamp>50C1184E</tstamp>
        </comp>
        <comp ref="X1">
            <value>CRYSTAL</value>
            <libsource lib="device" part="CRYSTAL"/>
            <sheetpath names="/" tstamps="/"/>
            <tstamp>50C117A9</tstamp>
        </comp>
        <comp ref="D1">
            <value>RSSI</value>
            <libsource lib="device" part="LED"/>
            <sheetpath names="/" tstamps="/"/>
            <tstamp>50A11711</tstamp>
        </comp>
        <comp ref="R2">
            <value>300</value>
            <libsource lib="device" part="R"/>
            <sheetpath names="/" tstamps="/"/>
            <tstamp>50A116CA</tstamp>
        </comp>
        <comp ref="U4">
            <value>XBEE</value>
            <libsource lib="modules_droids" part="XBEE"/>
            <sheetpath names="/" tstamps="/"/>
            <tstamp>50A10B0E</tstamp>
        </comp>
        <comp ref="R1">
            <value>15k</value>
            <libsource lib="device" part="R"/>
            <sheetpath names="/" tstamps="/"/>
            <tstamp>50A10968</tstamp>
        </comp>
        <comp ref="U1">
            <value>JTAG</value>
            <libsource lib="bee-cache" part="JTAG"/>
            <sheetpath names="/" tstamps="/"/>
            <tstamp>50A10653</tstamp>
        </comp>
        <comp ref="Q2">
            <value>MOSFET_N</value>
            <libsource lib="device" part="MOSFET_N"/>
            <sheetpath names="/" tstamps="/"/>
            <tstamp>525D6989</tstamp>
        </comp>
        <comp ref="C21">
            <value>10u</value>
            <libsource lib="device" part="C"/>
            <sheetpath names="/" tstamps="/"/>
            <tstamp>5190E36F</tstamp>
        </comp>
        <comp ref="Q3">
            <value>MOSFET_N</value>
            <libsource lib="device" part="MOSFET_N"/>
            <sheetpath names="/" tstamps="/"/>
            <tstamp>525D6DEF</tstamp>
        </comp>
        <comp ref="Q1">
            <value>MOSFET_P</value>
            <libsource lib="device" part="MOSFET_P"/>
            <sheetpath names="/" tstamps="/"/>
            <tstamp>52CECC9E</tstamp>
        </comp>
        <comp ref="R22">
            <value>27k</value>
            <libsource lib="device" part="R"/>
            <sheetpath names="/" tstamps="/"/>
            <tstamp>52CECCC9</tstamp>
        </comp>
        <comp ref="D2">
            <value>MBRS140</value>
            <libsource lib="device" part="DIODESCH"/>
            <sheetpath names="/power/" tstamps="/50A16996/"/>
            <tstamp>5257F9DB</tstamp>
        </comp>
        <comp ref="J2">
            <value>MODE</value>
            <libsource lib="bee-cache" part="TL2201EEYA"/>
            <sheetpath names="/power/" tstamps="/50A16996/"/>
            <tstamp>525588C9</tstamp>
        </comp>
        <comp ref="R6">
            <value>910</value>
            <libsource lib="device" part="R"/>
            <sheetpath names="/power/" tstamps="/50A16996/"/>
            <tstamp>52548F88</tstamp>
        </comp>
        <comp ref="TH1">
            <value>NCP18XH103</value>
            <libsource lib="device" part="THERMISTOR"/>
            <sheetpath names="/power/" tstamps="/50A16996/"/>
            <tstamp>52548F4E</tstamp>
        </comp>
        <comp ref="R5">
            <value>100k</value>
            <libsource lib="device" part="R"/>
            <sheetpath names="/power/" tstamps="/50A16996/"/>
            <tstamp>52548F11</tstamp>
        </comp>
        <comp ref="D6">
            <value>1N914</value>
            <libsource lib="device" part="DIODE"/>
            <sheetpath names="/power/" tstamps="/50A16996/"/>
            <tstamp>52548937</tstamp>
        </comp>
        <comp ref="D8">
            <value>BZX84C6V2L</value>
            <libsource lib="device" part="DIODE"/>
            <sheetpath names="/power/" tstamps="/50A16996/"/>
            <tstamp>52548930</tstamp>
        </comp>
        <comp ref="R9">
            <value>100k</value>
            <libsource lib="device" part="R"/>
            <sheetpath names="/power/" tstamps="/50A16996/"/>
            <tstamp>52546C2F</tstamp>
        </comp>
        <comp ref="C3">
            <value>3.3nF</value>
            <libsource lib="device" part="C"/>
            <sheetpath names="/power/" tstamps="/50A16996/"/>
            <tstamp>52546BC6</tstamp>
        </comp>
        <comp ref="C1">
            <value>10u</value>
            <libsource lib="device" part="C"/>
            <sheetpath names="/power/" tstamps="/50A16996/"/>
            <tstamp>52546B7D</tstamp>
        </comp>
        <comp ref="L1">
            <value>2.2µ</value>
            <libsource lib="device" part="INDUCTOR"/>
            <sheetpath names="/power/" tstamps="/50A16996/"/>
            <tstamp>52546AE6</tstamp>
        </comp>
        <comp ref="U12">
            <value>PWR</value>
            <libsource lib="bee-cache" part="SLIDE_SWITCH"/>
            <sheetpath names="/power/" tstamps="/50A16996/"/>
            <tstamp>5190FDA3</tstamp>
        </comp>
        <comp ref="P2">
            <value>block</value>
            <libsource lib="conn" part="CONN_2"/>
            <sheetpath names="/power/" tstamps="/50A16996/"/>
            <tstamp>512E0DB7</tstamp>
        </comp>
        <comp ref="C18">
            <value>100uF</value>
            <libsource lib="device" part="C"/>
            <sheetpath names="/power/" tstamps="/50A16996/"/>
            <tstamp>5109718A</tstamp>
        </comp>
        <comp ref="D5">
            <value>CHARGE</value>
            <libsource lib="device" part="LED"/>
            <sheetpath names="/power/" tstamps="/50A16996/"/>
            <tstamp>50F19A21</tstamp>
        </comp>
        <comp ref="R14">
            <value>300</value>
            <libsource lib="device" part="R"/>
            <sheetpath names="/power/" tstamps="/50A16996/"/>
            <tstamp>50F18EF8</tstamp>
        </comp>
        <comp ref="J4">
            <value>12V BATT</value>
            <libsource lib="conn" part="CONN_2"/>
            <sheetpath names="/power/" tstamps="/50A16996/"/>
            <tstamp>50E455AC</tstamp>
        </comp>
        <comp ref="K1">
            <value>DC Barrel</value>
            <libsource lib="conn" part="CONN_3"/>
            <sheetpath names="/power/" tstamps="/50A16996/"/>
            <tstamp>50D20554</tstamp>
        </comp>
        <comp ref="D4">
            <value>3.3V PWR</value>
            <libsource lib="device" part="LED"/>
            <sheetpath names="/power/" tstamps="/50A16996/"/>
            <tstamp>50D0A100</tstamp>
        </comp>
        <comp ref="R12">
            <value>300</value>
            <libsource lib="device" part="R"/>
            <sheetpath names="/power/" tstamps="/50A16996/"/>
            <tstamp>50D0A0ED</tstamp>
        </comp>
        <comp ref="D3">
            <value>MBRS340</value>
            <libsource lib="device" part="DIODESCH"/>
            <sheetpath names="/power/" tstamps="/50A16996/"/>
            <tstamp>50C11016</tstamp>
        </comp>
        <comp ref="C8">
            <value>22μF</value>
            <libsource lib="device" part="C"/>
            <sheetpath names="/power/" tstamps="/50A16996/"/>
            <tstamp>50C10AE8</tstamp>
        </comp>
        <comp ref="R11">
            <value>.088</value>
            <libsource lib="device" part="R"/>
            <sheetpath names="/power/" tstamps="/50A16996/"/>
            <tstamp>50A17FE0</tstamp>
        </comp>
        <comp ref="C6">
            <value>1μF</value>
            <libsource lib="device" part="C"/>
            <sheetpath names="/power/" tstamps="/50A16996/"/>
            <tstamp>50A17F3A</tstamp>
        </comp>
        <comp ref="L2">
            <value>35µ</value>
            <libsource lib="device" part="INDUCTOR"/>
            <sheetpath names="/power/" tstamps="/50A16996/"/>
            <tstamp>50A17E95</tstamp>
        </comp>
        <comp ref="C9">
            <value>10µF</value>
            <libsource lib="device" part="C"/>
            <sheetpath names="/power/" tstamps="/50A16996/"/>
            <tstamp>50A17D91</tstamp>
        </comp>
        <comp ref="C4">
            <value>4.7µ</value>
            <libsource lib="device" part="C"/>
            <sheetpath names="/power/" tstamps="/50A16996/"/>
            <tstamp>50A17C9E</tstamp>
        </comp>
        <comp ref="R8">
            <value>331.6k</value>
            <libsource lib="device" part="R"/>
            <sheetpath names="/power/" tstamps="/50A16996/"/>
            <tstamp>50A17933</tstamp>
        </comp>
        <comp ref="R7">
            <value>1.023M</value>
            <libsource lib="device" part="R"/>
            <sheetpath names="/power/" tstamps="/50A16996/"/>
            <tstamp>50A17927</tstamp>
        </comp>
        <comp ref="U7">
            <value>LT3652</value>
            <libsource lib="bee-cache" part="LT3652"/>
            <sheetpath names="/power/" tstamps="/50A16996/"/>
            <tstamp>50A171BF</tstamp>
        </comp>
        <comp ref="U6">
            <value>TPS62140</value>
            <libsource lib="bee-cache" part="TPS62140"/>
            <sheetpath names="/power/" tstamps="/50A16996/"/>
            <tstamp>525C79A6</tstamp>
        </comp>
        <comp ref="C2">
            <value>10μF</value>
            <libsource lib="device" part="C"/>
            <sheetpath names="/power/" tstamps="/50A16996/"/>
            <tstamp>525D5CFD</tstamp>
        </comp>
        <comp ref="R4">
            <value>560k</value>
            <libsource lib="device" part="R"/>
            <sheetpath names="/power/" tstamps="/50A16996/"/>
            <tstamp>52548F0D</tstamp>
        </comp>
    </components>
    <libparts>
        <libpart lib="device" part="BATTERY">
            <fields>
                <field name="Reference">BT</field>
                <field name="Value">BATTERY</field>
            </fields>
            <pins>
                <pin num="1" name="+" type="passive"/>
                <pin num="2" name="-" type="passive"/>
            </pins>
        </libpart>
        <libpart lib="device" part="C">
            <description>Condensateur non polarise</description>
            <footprints>
                <fp>SM*</fp>
                <fp>C?</fp>
                <fp>C1-1</fp>
            </footprints>
            <fields>
                <field name="Reference">C</field>
                <field name="Value">C</field>
            </fields>
            <pins>
                <pin num="1" name="~" type="passive"/>
                <pin num="2" name="~" type="passive"/>
            </pins>
        </libpart>
        <libpart lib="device" part="CRYSTAL">
            <fields>
                <field name="Reference">X</field>
                <field name="Value">CRYSTAL</field>
            </fields>
            <pins>
                <pin num="1" name="1" type="passive"/>
                <pin num="2" name="2" type="passive"/>
            </pins>
        </libpart>
        <libpart lib="device" part="DIODE">
            <description>Diode simple</description>
            <footprints>
                <fp>D?</fp>
                <fp>S*</fp>
            </footprints>
            <fields>
                <field name="Reference">D</field>
                <field name="Value">DIODE</field>
            </fields>
            <pins>
                <pin num="1" name="A" type="passive"/>
                <pin num="2" name="K" type="passive"/>
            </pins>
        </libpart>
        <libpart lib="device" part="DIODESCH">
            <description>Diode schottky</description>
            <footprints>
                <fp>D?</fp>
                <fp>S*</fp>
            </footprints>
            <fields>
                <field name="Reference">D</field>
                <field name="Value">DIODESCH</field>
            </fields>
            <pins>
                <pin num="1" name="A" type="passive"/>
                <pin num="2" name="K" type="passive"/>
            </pins>
        </libpart>
        <libpart lib="device" part="INDUCTOR">
            <fields>
                <field name="Reference">L</field>
                <field name="Value">INDUCTOR</field>
            </fields>
            <pins>
                <pin num="1" name="1" type="passive"/>
                <pin num="2" name="2" type="passive"/>
            </pins>
        </libpart>
        <libpart lib="device" part="LED">
            <footprints>
                <fp>LED-3MM</fp>
                <fp>LED-5MM</fp>
                <fp>LED-10MM</fp>
                <fp>LED-0603</fp>
                <fp>LED-0805</fp>
                <fp>LED-1206</fp>
                <fp>LEDV</fp>
            </footprints>
            <fields>
                <field name="Reference">D</field>
                <field name="Value">LED</field>
            </fields>
            <pins>
                <pin num="1" name="A" type="passive"/>
                <pin num="2" name="K" type="passive"/>
            </pins>
        </libpart>
        <libpart lib="device" part="MOS_N">
            <aliases>
                <alias>MOSFET_N</alias>
            </aliases>
            <docs>transistors/mos/*.*</docs>
            <fields>
                <field name="Reference">Q</field>
                <field name="Value">MOS_N</field>
            </fields>
            <pins>
                <pin num="D" name="D" type="passive"/>
                <pin num="G" name="G" type="input"/>
                <pin num="S" name="S" type="passive"/>
            </pins>
        </libpart>
        <libpart lib="device" part="MOS_P">
            <aliases>
                <alias>MOSFET_P</alias>
            </aliases>
            <docs>transistors/mos/*.*</docs>
            <fields>
                <field name="Reference">Q</field>
                <field name="Value">MOS_P</field>
            </fields>
            <pins>
                <pin num="D" name="D" type="passive"/>
                <pin num="G" name="G" type="input"/>
                <pin num="S" name="S" type="passive"/>
            </pins>
        </libpart>
        <libpart lib="device" part="R">
            <description>Resistance</description>
            <footprints>
                <fp>R?</fp>
                <fp>SM0603</fp>
                <fp>SM0805</fp>
                <fp>R?-*</fp>
                <fp>SM1206</fp>
            </footprints>
            <fields>
                <field name="Reference">R</field>
                <field name="Value">R</field>
            </fields>
            <pins>
                <pin num="1" name="~" type="passive"/>
                <pin num="2" name="~" type="passive"/>
            </pins>
        </libpart>
        <libpart lib="device" part="THERMISTOR">
            <description>Resistance</description>
            <footprints>
                <fp>R?</fp>
                <fp>SM0603</fp>
                <fp>SM0805</fp>
            </footprints>
            <fields>
                <field name="Reference">TH</field>
                <field name="Value">THERMISTOR</field>
            </fields>
            <pins>
                <pin num="1" name="~" type="passive"/>
                <pin num="2" name="~" type="passive"/>
            </pins>
        </libpart>
        <libpart lib="conn" part="CONN_2">
            <description>Symbole general de connecteur</description>
            <fields>
                <field name="Reference">P</field>
                <field name="Value">CONN_2</field>
            </fields>
            <pins>
                <pin num="1" name="P1" type="passive"/>
                <pin num="2" name="PM" type="passive"/>
            </pins>
        </libpart>
        <libpart lib="conn" part="CONN_3">
            <description>Symbole general de connecteur</description>
            <fields>
                <field name="Reference">K</field>
                <field name="Value">CONN_3</field>
            </fields>
            <pins>
                <pin num="1" name="P1" type="passive"/>
                <pin num="2" name="PM" type="passive"/>
                <pin num="3" name="P3" type="passive"/>
            </pins>
        </libpart>
        <libpart lib="modules_droids" part="XBEE">
            <fields>
                <field name="Reference">U</field>
                <field name="Value">XBEE</field>
            </fields>
            <pins>
                <pin num="1" name="Vcc" type="power_in"/>
                <pin num="2" name="Dout" type="output"/>
                <pin num="3" name="Din/Conf" type="input"/>
                <pin num="4" name="Do8" type="output"/>
                <pin num="5" name="/Rst" type="passive"/>
                <pin num="6" name="PWM/RSSI" type="output"/>
                <pin num="7" name="Nc0" type="passive"/>
                <pin num="8" name="Nc1" type="passive"/>
                <pin num="9" name="/DTR/Sleep_RQ/Di8" type="input"/>
                <pin num="10" name="Gnd" type="power_in"/>
                <pin num="11" name="AD4/Dio4" type="passive"/>
                <pin num="12" name="/CTS/Dio7" type="passive"/>
                <pin num="13" name="ON//Sleep" type="output"/>
                <pin num="14" name="Vref" type="input"/>
                <pin num="15" name="Asso/AD5/Dio5" type="passive"/>
                <pin num="16" name="/RTS/AD6/Dio6" type="passive"/>
                <pin num="17" name="AD3/Dio3" type="passive"/>
                <pin num="18" name="AD2/Dio2" type="passive"/>
                <pin num="19" name="AD1/Dio1" type="passive"/>
                <pin num="20" name="AD0/Dio0" type="passive"/>
            </pins>
        </libpart>
        <libpart lib="arduino_shieldsNCL" part="ARDUINO_SHIELD">
            <fields>
                <field name="Reference">SHIELD</field>
                <field name="Value">ARDUINO_SHIELD</field>
            </fields>
            <pins>
                <pin num="0" name="0" type="BiDi"/>
                <pin num="1" name="1" type="BiDi"/>
                <pin num="2" name="2" type="BiDi"/>
                <pin num="3" name="3" type="BiDi"/>
                <pin num="4" name="4" type="BiDi"/>
                <pin num="5" name="5" type="BiDi"/>
                <pin num="5V" name="5V" type="power_in"/>
                <pin num="6" name="6" type="BiDi"/>
                <pin num="7" name="7" type="BiDi"/>
                <pin num="8" name="8" type="BiDi"/>
                <pin num="9" name="9" type="BiDi"/>
                <pin num="10" name="10" type="BiDi"/>
                <pin num="11" name="11" type="BiDi"/>
                <pin num="12" name="12" type="BiDi"/>
                <pin num="13" name="13" type="BiDi"/>
                <pin num="3V3" name="3V3" type="power_in"/>
                <pin num="AD0" name="AD0" type="BiDi"/>
                <pin num="AD1" name="AD1" type="BiDi"/>
                <pin num="AD2" name="AD2" type="BiDi"/>
                <pin num="AD3" name="AD3" type="BiDi"/>
                <pin num="AD4" name="AD4" type="BiDi"/>
                <pin num="AD5" name="AD5" type="BiDi"/>
                <pin num="AREF" name="AREF" type="power_in"/>
                <pin num="GND1" name="GND1" type="power_in"/>
                <pin num="GND2" name="GND2" type="power_in"/>
                <pin num="GND3" name="GND3" type="power_in"/>
                <pin num="RST" name="RST" type="input"/>
                <pin num="V_IN" name="V_IN" type="power_in"/>
            </pins>
        </libpart>
        <libpart lib="bee-cache" part="ATxMEGA128A3U">
            <fields>
                <field name="Reference">U</field>
                <field name="Value">ATxMEGA128A3U</field>
            </fields>
            <pins>
                <pin num="1" name="PA3" type="BiDi"/>
                <pin num="2" name="PA4" type="BiDi"/>
                <pin num="3" name="PA5" type="BiDi"/>
                <pin num="4" name="PA6" type="BiDi"/>
                <pin num="5" name="PA7" type="BiDi"/>
                <pin num="6" name="PB0" type="BiDi"/>
                <pin num="7" name="PB1" type="BiDi"/>
                <pin num="8" name="PB2" type="BiDi"/>
                <pin num="9" name="PB3" type="BiDi"/>
                <pin num="10" name="PB4" type="BiDi"/>
                <pin num="11" name="PB5" type="BiDi"/>
                <pin num="12" name="PB6" type="BiDi"/>
                <pin num="13" name="PB7" type="BiDi"/>
                <pin num="14" name="GND" type="power_out"/>
                <pin num="15" name="VCC" type="power_in"/>
                <pin num="16" name="PC0" type="BiDi"/>
                <pin num="17" name="PC1" type="BiDi"/>
                <pin num="18" name="PC2" type="BiDi"/>
                <pin num="19" name="PC3" type="BiDi"/>
                <pin num="20" name="PC4" type="BiDi"/>
                <pin num="21" name="PC5" type="BiDi"/>
                <pin num="22" name="PC6" type="BiDi"/>
                <pin num="23" name="PC7" type="BiDi"/>
                <pin num="24" name="GND" type="power_out"/>
                <pin num="25" name="VCC" type="power_in"/>
                <pin num="26" name="PD0" type="BiDi"/>
                <pin num="27" name="PD1" type="BiDi"/>
                <pin num="28" name="PD2" type="BiDi"/>
                <pin num="29" name="PD3" type="BiDi"/>
                <pin num="30" name="PD4" type="BiDi"/>
                <pin num="31" name="PD5" type="BiDi"/>
                <pin num="32" name="PD6" type="BiDi"/>
                <pin num="33" name="PD7" type="BiDi"/>
                <pin num="34" name="GND" type="power_out"/>
                <pin num="35" name="VCC" type="power_in"/>
                <pin num="36" name="PE0" type="BiDi"/>
                <pin num="37" name="PE1" type="BiDi"/>
                <pin num="38" name="PE2" type="BiDi"/>
                <pin num="39" name="PE3" type="BiDi"/>
                <pin num="40" name="PE4" type="BiDi"/>
                <pin num="41" name="PE5" type="BiDi"/>
                <pin num="42" name="PE6" type="BiDi"/>
                <pin num="43" name="PE7" type="power_in"/>
                <pin num="44" name="GND" type="power_out"/>
                <pin num="45" name="VCC" type="power_in"/>
                <pin num="46" name="PF0" type="BiDi"/>
                <pin num="47" name="PF1" type="BiDi"/>
                <pin num="48" name="PF2" type="BiDi"/>
                <pin num="49" name="PF3" type="BiDi"/>
                <pin num="50" name="PF4" type="BiDi"/>
                <pin num="51" name="PF5" type="BiDi"/>
                <pin num="52" name="GND" type="power_out"/>
                <pin num="53" name="VCC" type="power_in"/>
                <pin num="54" name="PF6" type="BiDi"/>
                <pin num="55" name="PF7" type="BiDi"/>
                <pin num="56" name="PDI" type="input"/>
                <pin num="57" name="RESET" type="BiDi"/>
                <pin num="58" name="PR1" type="input"/>
                <pin num="59" name="GND" type="input"/>
                <pin num="61" name="AVCC" type="input"/>
                <pin num="62" name="PA0" type="input"/>
                <pin num="63" name="PA1" type="input"/>
                <pin num="64" name="PA2" type="input"/>
            </pins>
        </libpart>
        <libpart lib="bee-cache" part="DS1339">
            <fields>
                <field name="Reference">U</field>
                <field name="Value">DS1339</field>
            </fields>
            <pins>
                <pin num="1" name="X1" type="input"/>
                <pin num="2" name="X2" type="input"/>
                <pin num="3" name="Vbackup" type="input"/>
                <pin num="4" name="GND" type="input"/>
                <pin num="5" name="SDA" type="input"/>
                <pin num="6" name="SCL" type="input"/>
                <pin num="7" name="SQW/~INT" type="input"/>
                <pin num="8" name="VCC" type="input"/>
            </pins>
        </libpart>
        <libpart lib="bee-cache" part="GPS">
            <fields>
                <field name="Reference">U</field>
                <field name="Value">GPS</field>
            </fields>
            <pins>
                <pin num="1" name="3.3V" type="input"/>
                <pin num="2" name="EN" type="input"/>
                <pin num="3" name="VBATT" type="input"/>
                <pin num="4" name="FIX" type="input"/>
                <pin num="5" name="TX" type="input"/>
                <pin num="6" name="RX" type="input"/>
                <pin num="7" name="GND" type="input"/>
                <pin num="8" name="VIN" type="input"/>
                <pin num="9" name="PPS" type="input"/>
            </pins>
        </libpart>
        <libpart lib="bee-cache" part="JTAG">
            <fields>
                <field name="Reference">U</field>
                <field name="Value">JTAG</field>
            </fields>
            <pins>
                <pin num="1" name="TCK" type="power_out"/>
                <pin num="2" name="GND" type="power_out"/>
                <pin num="3" name="TDO" type="power_out"/>
                <pin num="4" name="VTref" type="power_in"/>
                <pin num="5" name="TMS" type="power_out"/>
                <pin num="6" name="nSRST" type="power_out"/>
                <pin num="7" name="NC" type="power_out"/>
                <pin num="8" name="nTRST" type="power_out"/>
                <pin num="9" name="TDI" type="power_out"/>
                <pin num="10" name="GND" type="power_out"/>
            </pins>
        </libpart>
        <libpart lib="bee-cache" part="LT3652">
            <fields>
                <field name="Reference">U</field>
                <field name="Value">LT3652</field>
            </fields>
            <pins>
                <pin num="1" name="Vin" type="input"/>
                <pin num="2" name="Vin_reg" type="input"/>
                <pin num="3" name="~SHD" type="input"/>
                <pin num="4" name="~CHRG" type="input"/>
                <pin num="5" name="~FAULT" type="input"/>
                <pin num="6" name="TIMER" type="input"/>
                <pin num="7" name="Vfb" type="input"/>
                <pin num="8" name="NTC" type="input"/>
                <pin num="9" name="BAT" type="input"/>
                <pin num="10" name="SENSE" type="input"/>
                <pin num="11" name="BOOST" type="input"/>
                <pin num="12" name="SW" type="input"/>
                <pin num="13" name="GND" type="input"/>
            </pins>
        </libpart>
        <libpart lib="bee-cache" part="MCP970X">
            <fields>
                <field name="Reference">U</field>
                <field name="Value">MCP970X</field>
            </fields>
            <pins>
                <pin num="1" name="Vdd" type="input"/>
                <pin num="2" name="Vout" type="input"/>
                <pin num="3" name="GND" type="input"/>
            </pins>
        </libpart>
        <libpart lib="bee-cache" part="MICROUSB">
            <fields>
                <field name="Reference">J</field>
                <field name="Value">MICROUSB</field>
            </fields>
            <pins>
                <pin num="1" name="Vcc" type="input"/>
                <pin num="2" name="D-" type="input"/>
                <pin num="3" name="D+" type="input"/>
                <pin num="4" name="Sense" type="input"/>
                <pin num="5" name="GND" type="input"/>
                <pin num="6" name="SHIELD" type="input"/>
            </pins>
        </libpart>
        <libpart lib="bee-cache" part="PDI">
            <fields>
                <field name="Reference">U</field>
                <field name="Value">PDI</field>
            </fields>
            <pins>
                <pin num="1" name="PDI_DATA" type="input"/>
                <pin num="2" name="NC" type="input"/>
                <pin num="3" name="PDI_CLK" type="input"/>
                <pin num="4" name="GND" type="input"/>
                <pin num="5" name="NC" type="input"/>
                <pin num="6" name="VCC" type="input"/>
            </pins>
        </libpart>
        <libpart lib="bee-cache" part="SD-fixed">
            <fields>
                <field name="Reference">U</field>
                <field name="Value">SD-fixed</field>
            </fields>
            <pins>
                <pin num="1" name="NC" type="input"/>
                <pin num="2" name="CS" type="input"/>
                <pin num="3" name="DI" type="input"/>
                <pin num="4" name="V_IN" type="input"/>
                <pin num="5" name="CLK" type="input"/>
                <pin num="6" name="GND" type="input"/>
                <pin num="7" name="D0" type="input"/>
                <pin num="8" name="NC" type="input"/>
            </pins>
        </libpart>
        <libpart lib="bee-cache" part="SLIDE_SWITCH">
            <fields>
                <field name="Reference">U</field>
                <field name="Value">SLIDE_SWITCH</field>
            </fields>
            <pins>
                <pin num="1" name="A" type="input"/>
                <pin num="2" name="C1" type="input"/>
                <pin num="3" name="B" type="input"/>
                <pin num="4" name="D" type="input"/>
                <pin num="5" name="C2" type="input"/>
                <pin num="6" name="E" type="input"/>
            </pins>
        </libpart>
        <libpart lib="bee-cache" part="TL2201EEYA">
            <fields>
                <field name="Reference">J</field>
                <field name="Value">TL2201EEYA</field>
            </fields>
            <pins>
                <pin num="1" name="A" type="input"/>
                <pin num="2" name="X" type="input"/>
                <pin num="3" name="B" type="input"/>
                <pin num="4" name="A" type="input"/>
                <pin num="5" name="Y" type="input"/>
                <pin num="6" name="B" type="input"/>
            </pins>
        </libpart>
        <libpart lib="bee-cache" part="TL2201OAXA">
            <fields>
                <field name="Reference">J</field>
                <field name="Value">TL2201OAXA</field>
            </fields>
            <pins>
                <pin num="1" name="~" type="input"/>
                <pin num="2" name="~" type="input"/>
                <pin num="3" name="~" type="input"/>
                <pin num="4" name="~" type="input"/>
                <pin num="5" name="~" type="input"/>
                <pin num="6" name="~" type="input"/>
            </pins>
        </libpart>
        <libpart lib="bee-cache" part="TPS62140">
            <fields>
                <field name="Reference">U</field>
                <field name="Value">TPS62140</field>
            </fields>
            <pins>
                <pin num="1" name="SW" type="input"/>
                <pin num="4" name="PG" type="input"/>
                <pin num="5" name="FB" type="input"/>
                <pin num="6" name="AGND" type="input"/>
                <pin num="7" name="FSW" type="input"/>
                <pin num="8" name="DEF" type="input"/>
                <pin num="9" name="SS/TR" type="input"/>
                <pin num="10" name="AVIN" type="input"/>
                <pin num="11" name="PVIN" type="input"/>
                <pin num="13" name="EN" type="input"/>
                <pin num="14" name="VOS" type="input"/>
                <pin num="15" name="PGND" type="input"/>
            </pins>
        </libpart>
        <libpart lib="bee-cache" part="USB_TVS_WURTH">
            <fields>
                <field name="Reference">U</field>
                <field name="Value">USB_TVS_WURTH</field>
            </fields>
            <pins>
                <pin num="1" name="NC" type="input"/>
                <pin num="2" name="GND" type="input"/>
                <pin num="3" name="NO1" type="input"/>
                <pin num="4" name="NO2" type="input"/>
                <pin num="5" name="VDD" type="input"/>
            </pins>
        </libpart>
    </libparts>
    <libraries>
        <library logical="device">
            <uri>/usr/local/share/kicad/library/device.lib</uri>
        </library>
        <library logical="conn">
            <uri>/usr/local/share/kicad/library/conn.lib</uri>
        </library>
        <library logical="modules_droids">
            <uri>/home/louis/Apitronics/modules_droids.lib</uri>
        </library>
        <library logical="arduino_shieldsNCL">
            <uri>/home/louis/Apitronics/Circuits/arduino_shieldsNCL.lib</uri>
        </library>
        <library logical="bee-cache">
            <uri>/home/louis/Apitronics/Circuits/Bee/bee-cache.lib</uri>
        </library>
    </libraries>
    <nets>
        <net code="1" name="Net-(U4-Pad4)">
            <node ref="U4" pin="4"/>
        </net>
        <net code="2" name="Net-(U4-Pad5)">
            <node ref="U4" pin="5"/>
        </net>
        <net code="3" name="Net-(U4-Pad7)">
            <node ref="U4" pin="7"/>
        </net>
        <net code="4" name="Net-(U4-Pad8)">
            <node ref="U4" pin="8"/>
        </net>
        <net code="5" name="/PF3">
            <node ref="U3" pin="49"/>
            <node ref="U4" pin="9"/>
        </net>
        <net code="6" name="Net-(U4-Pad11)">
            <node ref="U4" pin="11"/>
        </net>
        <net code="7" name="Net-(U4-Pad12)">
            <node ref="U4" pin="12"/>
        </net>
        <net code="8" name="Net-(R20-Pad1)">
            <node ref="R20" pin="1"/>
            <node ref="U4" pin="13"/>
        </net>
        <net code="9" name="Net-(U4-Pad15)">
            <node ref="U4" pin="15"/>
        </net>
        <net code="10" name="Net-(U4-Pad16)">
            <node ref="U4" pin="16"/>
        </net>
        <net code="11" name="Net-(U4-Pad17)">
            <node ref="U4" pin="17"/>
        </net>
        <net code="12" name="GND">
            <node ref="J3" pin="5"/>
            <node ref="C2" pin="2"/>
            <node ref="R21" pin="1"/>
            <node ref="C13" pin="2"/>
            <node ref="C12" pin="1"/>
            <node ref="C3" pin="2"/>
            <node ref="C1" pin="2"/>
            <node ref="J3" pin="4"/>
            <node ref="U3" pin="44"/>
            <node ref="U11" pin="3"/>
            <node ref="U3" pin="34"/>
            <node ref="U3" pin="24"/>
            <node ref="U3" pin="52"/>
            <node ref="C22" pin="1"/>
            <node ref="U6" pin="15"/>
            <node ref="U6" pin="8"/>
            <node ref="U6" pin="7"/>
            <node ref="Q3" pin="S"/>
            <node ref="U6" pin="6"/>
            <node ref="Q2" pin="S"/>
            <node ref="U6" pin="5"/>
            <node ref="U7" pin="13"/>
            <node ref="U8" pin="2"/>
            <node ref="R18" pin="1"/>
            <node ref="R8" pin="2"/>
            <node ref="C4" pin="2"/>
            <node ref="C9" pin="2"/>
            <node ref="D3" pin="1"/>
            <node ref="U1" pin="2"/>
            <node ref="C8" pin="2"/>
            <node ref="C20" pin="1"/>
            <node ref="R16" pin="2"/>
            <node ref="J1" pin="1"/>
            <node ref="U4" pin="10"/>
            <node ref="K1" pin="2"/>
            <node ref="BT1" pin="2"/>
            <node ref="U3" pin="14"/>
            <node ref="J4" pin="2"/>
            <node ref="C11" pin="1"/>
            <node ref="U1" pin="10"/>
            <node ref="SHIELD1" pin="GND2"/>
            <node ref="SHIELD1" pin="GND3"/>
            <node ref="C5" pin="1"/>
            <node ref="U10" pin="4"/>
            <node ref="U12" pin="3"/>
            <node ref="C15" pin="2"/>
            <node ref="P2" pin="2"/>
            <node ref="C18" pin="1"/>
            <node ref="U2" pin="4"/>
            <node ref="R5" pin="2"/>
            <node ref="C14" pin="1"/>
            <node ref="C10" pin="1"/>
            <node ref="J2" pin="3"/>
            <node ref="J2" pin="4"/>
            <node ref="TH1" pin="2"/>
            <node ref="SHIELD1" pin="GND1"/>
        </net>
        <net code="13" name="Net-(U4-Pad18)">
            <node ref="U4" pin="18"/>
        </net>
        <net code="14" name="Net-(D1-Pad1)">
            <node ref="R2" pin="1"/>
            <node ref="D1" pin="1"/>
        </net>
        <net code="15" name="Net-(R2-Pad2)">
            <node ref="R2" pin="2"/>
            <node ref="U4" pin="6"/>
        </net>
        <net code="16" name="Net-(U1-Pad8)">
            <node ref="U1" pin="8"/>
        </net>
        <net code="17" name="Net-(U1-Pad9)">
            <node ref="U1" pin="9"/>
            <node ref="U3" pin="11"/>
        </net>
        <net code="18" name="Net-(U1-Pad7)">
            <node ref="U1" pin="7"/>
        </net>
        <net code="19" name="Net-(U4-Pad19)">
            <node ref="U4" pin="19"/>
        </net>
        <net code="20" name="Net-(U1-Pad1)">
            <node ref="U3" pin="12"/>
            <node ref="U1" pin="1"/>
        </net>
        <net code="21" name="Net-(U1-Pad3)">
            <node ref="U3" pin="13"/>
            <node ref="U1" pin="3"/>
        </net>
        <net code="22" name="/RESET">
            <node ref="U4" pin="20"/>
            <node ref="U1" pin="6"/>
            <node ref="U3" pin="57"/>
            <node ref="R1" pin="2"/>
            <node ref="SHIELD1" pin="RST"/>
            <node ref="U10" pin="3"/>
        </net>
        <net code="23" name="AGND">
            <node ref="D7" pin="2"/>
            <node ref="D1" pin="2"/>
            <node ref="J2" pin="5"/>
            <node ref="D4" pin="2"/>
        </net>
        <net code="24" name="Net-(U2-Pad1)">
            <node ref="U2" pin="1"/>
            <node ref="X1" pin="1"/>
        </net>
        <net code="25" name="Net-(U2-Pad2)">
            <node ref="X1" pin="2"/>
            <node ref="U2" pin="2"/>
        </net>
        <net code="26" name="/SCL_E">
            <node ref="U2" pin="6"/>
            <node ref="R19" pin="1"/>
            <node ref="U3" pin="37"/>
        </net>
        <net code="27" name="+3.3V">
            <node ref="R15" pin="1"/>
            <node ref="R25" pin="1"/>
            <node ref="U11" pin="1"/>
            <node ref="U8" pin="5"/>
            <node ref="C20" pin="2"/>
            <node ref="L1" pin="2"/>
            <node ref="R9" pin="1"/>
            <node ref="U12" pin="1"/>
            <node ref="J2" pin="1"/>
            <node ref="J2" pin="6"/>
            <node ref="C8" pin="1"/>
            <node ref="R12" pin="1"/>
            <node ref="U3" pin="62"/>
            <node ref="SHIELD1" pin="5V"/>
            <node ref="U3" pin="15"/>
            <node ref="C15" pin="1"/>
            <node ref="R26" pin="1"/>
            <node ref="U3" pin="53"/>
            <node ref="U3" pin="6"/>
            <node ref="U3" pin="25"/>
            <node ref="U3" pin="35"/>
            <node ref="U3" pin="45"/>
            <node ref="U6" pin="14"/>
            <node ref="U10" pin="6"/>
            <node ref="R17" pin="2"/>
            <node ref="SHIELD1" pin="AREF"/>
            <node ref="SHIELD1" pin="3V3"/>
            <node ref="C10" pin="2"/>
            <node ref="U2" pin="8"/>
            <node ref="R13" pin="2"/>
            <node ref="U5" pin="8"/>
            <node ref="C14" pin="2"/>
            <node ref="C22" pin="2"/>
            <node ref="C12" pin="2"/>
            <node ref="C13" pin="1"/>
            <node ref="C11" pin="2"/>
            <node ref="R19" pin="2"/>
            <node ref="R22" pin="1"/>
            <node ref="C21" pin="1"/>
            <node ref="U9" pin="4"/>
            <node ref="U4" pin="14"/>
            <node ref="U4" pin="1"/>
            <node ref="U1" pin="4"/>
            <node ref="R24" pin="1"/>
            <node ref="R1" pin="1"/>
        </net>
        <net code="28" name="/PA3">
            <node ref="SHIELD1" pin="AD2"/>
            <node ref="U3" pin="1"/>
        </net>
        <net code="29" name="/PA4">
            <node ref="U3" pin="2"/>
            <node ref="SHIELD1" pin="AD3"/>
        </net>
        <net code="30" name="/PA5">
            <node ref="SHIELD1" pin="AD4"/>
            <node ref="U3" pin="3"/>
        </net>
        <net code="31" name="/PA6">
            <node ref="SHIELD1" pin="AD5"/>
            <node ref="U3" pin="4"/>
        </net>
        <net code="32" name="/SDA_E">
            <node ref="U3" pin="36"/>
            <node ref="U2" pin="5"/>
            <node ref="R17" pin="1"/>
        </net>
        <net code="33" name="Net-(U10-Pad2)">
            <node ref="U10" pin="2"/>
        </net>
        <net code="34" name="Net-(U10-Pad5)">
            <node ref="U10" pin="5"/>
        </net>
        <net code="35" name="Net-(U9-Pad8)">
            <node ref="U9" pin="8"/>
        </net>
        <net code="36" name="Net-(J3-Pad1)">
            <node ref="J3" pin="1"/>
            <node ref="R10" pin="2"/>
        </net>
        <net code="37" name="Net-(C21-Pad2)">
            <node ref="U5" pin="7"/>
            <node ref="C21" pin="2"/>
            <node ref="Q2" pin="D"/>
        </net>
        <net code="38" name="/MOSI_E">
            <node ref="R26" pin="2"/>
            <node ref="U9" pin="3"/>
            <node ref="U3" pin="41"/>
        </net>
        <net code="39" name="Net-(C5-Pad2)">
            <node ref="R21" pin="2"/>
            <node ref="J3" pin="6"/>
            <node ref="C5" pin="2"/>
        </net>
        <net code="40" name="+BATT">
            <node ref="J4" pin="1"/>
            <node ref="R7" pin="1"/>
            <node ref="R11" pin="2"/>
            <node ref="C9" pin="1"/>
            <node ref="SHIELD1" pin="V_IN"/>
            <node ref="C18" pin="2"/>
            <node ref="D8" pin="2"/>
            <node ref="C1" pin="1"/>
            <node ref="Q1" pin="D"/>
            <node ref="U6" pin="11"/>
            <node ref="U7" pin="9"/>
            <node ref="U6" pin="10"/>
        </net>
        <net code="41" name="Net-(Q1-PadS)">
            <node ref="Q1" pin="S"/>
            <node ref="R3" pin="1"/>
        </net>
        <net code="42" name="Net-(J1-Pad3)">
            <node ref="R22" pin="2"/>
            <node ref="J1" pin="3"/>
        </net>
        <net code="43" name="/PF4">
            <node ref="Q2" pin="G"/>
            <node ref="U3" pin="50"/>
        </net>
        <net code="44" name="Net-(Q3-PadD)">
            <node ref="Q3" pin="D"/>
            <node ref="U9" pin="6"/>
        </net>
        <net code="45" name="/SCK_E">
            <node ref="U9" pin="5"/>
            <node ref="U3" pin="43"/>
            <node ref="R25" pin="2"/>
        </net>
        <net code="46" name="Net-(U9-Pad1)">
            <node ref="U9" pin="1"/>
        </net>
        <net code="47" name="Net-(U1-Pad5)">
            <node ref="U1" pin="5"/>
            <node ref="U3" pin="10"/>
        </net>
        <net code="48" name="Net-(BT1-Pad1)">
            <node ref="BT1" pin="1"/>
            <node ref="U2" pin="3"/>
        </net>
        <net code="49" name="Net-(U8-Pad1)">
            <node ref="U8" pin="1"/>
        </net>
        <net code="50" name="/PC6">
            <node ref="U3" pin="22"/>
            <node ref="SHIELD1" pin="12"/>
            <node ref="U5" pin="5"/>
        </net>
        <net code="51" name="Net-(U5-Pad1)">
            <node ref="U5" pin="1"/>
        </net>
        <net code="52" name="/PD0">
            <node ref="U5" pin="2"/>
            <node ref="U3" pin="26"/>
        </net>
        <net code="53" name="/back-up">
            <node ref="U5" pin="3"/>
        </net>
        <net code="54" name="/PD1">
            <node ref="U3" pin="27"/>
            <node ref="U5" pin="4"/>
        </net>
        <net code="55" name="/PC7">
            <node ref="U5" pin="6"/>
            <node ref="SHIELD1" pin="13"/>
            <node ref="U3" pin="23"/>
        </net>
        <net code="56" name="Net-(U5-Pad9)">
            <node ref="U5" pin="9"/>
        </net>
        <net code="57" name="/PD7">
            <node ref="U3" pin="33"/>
            <node ref="J3" pin="3"/>
            <node ref="U8" pin="3"/>
        </net>
        <net code="58" name="/PD6">
            <node ref="J3" pin="2"/>
            <node ref="U3" pin="32"/>
            <node ref="U8" pin="4"/>
        </net>
        <net code="59" name="/PA7">
            <node ref="U11" pin="2"/>
            <node ref="U3" pin="5"/>
        </net>
        <net code="60" name="Net-(J1-Pad4)">
            <node ref="J1" pin="4"/>
        </net>
        <net code="61" name="Net-(J1-Pad5)">
            <node ref="J1" pin="5"/>
        </net>
        <net code="62" name="Net-(J1-Pad6)">
            <node ref="J1" pin="6"/>
        </net>
        <net code="63" name="/PC1">
            <node ref="SHIELD1" pin="3"/>
            <node ref="U3" pin="17"/>
        </net>
        <net code="64" name="/PC4">
            <node ref="SHIELD1" pin="6"/>
            <node ref="U3" pin="20"/>
        </net>
        <net code="65" name="/PC2">
            <node ref="SHIELD1" pin="0"/>
            <node ref="U3" pin="18"/>
        </net>
        <net code="66" name="/PC3">
            <node ref="SHIELD1" pin="1"/>
            <node ref="U3" pin="19"/>
        </net>
        <net code="67" name="/PC0">
            <node ref="U3" pin="16"/>
            <node ref="SHIELD1" pin="2"/>
        </net>
        <net code="68" name="/PD2">
            <node ref="U3" pin="28"/>
            <node ref="SHIELD1" pin="4"/>
        </net>
        <net code="69" name="/PD3">
            <node ref="U3" pin="29"/>
            <node ref="SHIELD1" pin="5"/>
        </net>
        <net code="70" name="/PB2">
            <node ref="SHIELD1" pin="7"/>
            <node ref="U3" pin="8"/>
        </net>
        <net code="71" name="/PB3">
            <node ref="SHIELD1" pin="8"/>
            <node ref="U3" pin="9"/>
        </net>
        <net code="72" name="/PD4">
            <node ref="U3" pin="30"/>
            <node ref="SHIELD1" pin="9"/>
        </net>
        <net code="73" name="/PD5">
            <node ref="U3" pin="31"/>
            <node ref="SHIELD1" pin="10"/>
        </net>
        <net code="74" name="/PC5">
            <node ref="U3" pin="21"/>
            <node ref="SHIELD1" pin="11"/>
        </net>
        <net code="75" name="Net-(D7-Pad1)">
            <node ref="R20" pin="2"/>
            <node ref="D7" pin="1"/>
        </net>
        <net code="76" name="/PF5">
            <node ref="R10" pin="1"/>
            <node ref="R18" pin="2"/>
            <node ref="U3" pin="51"/>
        </net>
        <net code="77" name="Net-(U3-Pad61)">
            <node ref="U3" pin="61"/>
        </net>
        <net code="78" name="/MISO_E">
            <node ref="U9" pin="7"/>
            <node ref="U3" pin="42"/>
            <node ref="R15" pin="2"/>
        </net>
        <net code="79" name="/PA1">
            <node ref="U3" pin="63"/>
            <node ref="SHIELD1" pin="AD0"/>
        </net>
        <net code="80" name="Net-(U3-Pad40)">
            <node ref="U3" pin="40"/>
        </net>
        <net code="82" name="/TX_E">
            <node ref="U4" pin="3"/>
            <node ref="U3" pin="39"/>
        </net>
        <net code="83" name="Net-(U3-Pad59)">
            <node ref="U3" pin="59"/>
        </net>
        <net code="84" name="Net-(U3-Pad58)">
            <node ref="U3" pin="58"/>
        </net>
        <net code="85" name="/PB1">
            <node ref="U3" pin="7"/>
            <node ref="R3" pin="2"/>
            <node ref="R16" pin="1"/>
        </net>
        <net code="86" name="/CS_SD">
            <node ref="R13" pin="1"/>
            <node ref="U3" pin="46"/>
            <node ref="U9" pin="2"/>
        </net>
        <net code="87" name="/PF6">
            <node ref="U3" pin="54"/>
        </net>
        <net code="88" name="/PA2">
            <node ref="SHIELD1" pin="AD1"/>
            <node ref="U3" pin="64"/>
        </net>
        <net code="89" name="/PF7">
            <node ref="Q1" pin="G"/>
            <node ref="U3" pin="55"/>
        </net>
        <net code="90" name="/PDI">
            <node ref="U10" pin="1"/>
            <node ref="U3" pin="56"/>
        </net>
        <net code="91" name="/PF1">
            <node ref="U3" pin="47"/>
            <node ref="Q3" pin="G"/>
        </net>
        <net code="92" name="/RX_E">
            <node ref="U4" pin="2"/>
            <node ref="U3" pin="38"/>
        </net>
        <net code="93" name="/PF2">
            <node ref="J1" pin="2"/>
            <node ref="U2" pin="7"/>
            <node ref="R24" pin="2"/>
            <node ref="U3" pin="48"/>
        </net>
        <net code="94" name="Net-(U12-Pad2)">
            <node ref="U12" pin="2"/>
            <node ref="U6" pin="13"/>
        </net>
        <net code="95" name="Net-(C3-Pad1)">
            <node ref="U6" pin="9"/>
            <node ref="C3" pin="1"/>
        </net>
        <net code="96" name="Net-(D5-Pad2)">
            <node ref="U7" pin="4"/>
            <node ref="D5" pin="2"/>
        </net>
        <net code="97" name="Net-(D2-Pad1)">
            <node ref="K1" pin="1"/>
            <node ref="D2" pin="1"/>
            <node ref="P2" pin="1"/>
        </net>
        <net code="98" name="Net-(C4-Pad1)">
            <node ref="U7" pin="6"/>
            <node ref="C4" pin="1"/>
        </net>
        <net code="99" name="Net-(R6-Pad2)">
            <node ref="U7" pin="8"/>
            <node ref="R6" pin="2"/>
        </net>
        <net code="100" name="Net-(L1-Pad1)">
            <node ref="U6" pin="1"/>
            <node ref="L1" pin="1"/>
        </net>
        <net code="101" name="Net-(R9-Pad2)">
            <node ref="R9" pin="2"/>
            <node ref="U6" pin="4"/>
        </net>
        <net code="102" name="Net-(R6-Pad1)">
            <node ref="R6" pin="1"/>
            <node ref="TH1" pin="1"/>
        </net>
        <net code="103" name="Status LED">
            <node ref="R14" pin="2"/>
            <node ref="J2" pin="2"/>
        </net>
        <net code="104" name="Net-(D4-Pad1)">
            <node ref="D4" pin="1"/>
            <node ref="R12" pin="2"/>
        </net>
        <net code="105" name="Net-(R4-Pad2)">
            <node ref="R4" pin="2"/>
            <node ref="U7" pin="2"/>
            <node ref="R5" pin="1"/>
        </net>
        <net code="106" name="V_in Charge">
            <node ref="U7" pin="3"/>
            <node ref="U7" pin="1"/>
            <node ref="D2" pin="2"/>
            <node ref="R4" pin="1"/>
            <node ref="C2" pin="1"/>
        </net>
        <net code="107" name="Net-(R7-Pad2)">
            <node ref="R7" pin="2"/>
            <node ref="U7" pin="7"/>
            <node ref="R8" pin="1"/>
        </net>
        <net code="108" name="Net-(D5-Pad1)">
            <node ref="D5" pin="1"/>
            <node ref="R14" pin="1"/>
        </net>
        <net code="109" name="Net-(U12-Pad4)">
            <node ref="U12" pin="4"/>
        </net>
        <net code="110" name="Net-(U12-Pad5)">
            <node ref="U12" pin="5"/>
        </net>
        <net code="111" name="Net-(U12-Pad6)">
            <node ref="U12" pin="6"/>
        </net>
        <net code="112" name="Net-(K1-Pad3)">
            <node ref="K1" pin="3"/>
        </net>
        <net code="113" name="Net-(D6-Pad1)">
            <node ref="D8" pin="1"/>
            <node ref="D6" pin="1"/>
        </net>
        <net code="114" name="Net-(C6-Pad2)">
            <node ref="C6" pin="2"/>
            <node ref="D6" pin="2"/>
            <node ref="U7" pin="11"/>
        </net>
        <net code="115" name="Net-(L2-Pad1)">
            <node ref="L2" pin="1"/>
            <node ref="U7" pin="10"/>
            <node ref="R11" pin="1"/>
        </net>
        <net code="116" name="Net-(C6-Pad1)">
            <node ref="D3" pin="2"/>
            <node ref="C6" pin="1"/>
            <node ref="L2" pin="2"/>
            <node ref="U7" pin="12"/>
        </net>
        <net code="117" name="Net-(U7-Pad5)">
            <node ref="U7" pin="5"/>
        </net>
    </nets>
</export>
