3.3V BACK-UP,1,"BT1"
10pF,5,"C10 C11 C12 C13 C15"
20pF,1,"C20"
4.7n,1,"C5"
1uF,1,"C22"
10u,2,"C1 C21"
10uF,1,"C14"
100uF,1,"C18"
4.7µ,1,"C4"
10μF,1,"C2"
C,1,"C3"
1μF,1,"C6"
22μF,1,"C8"
10µF,1,"C9"
3.3V PWR,1,"D4"
RSSI,1,"D1"
MBRS140,1,"D2"
MBRS340,1,"D3"
CHARGE,1,"D5"
1N914,1,"D6"
XBEE,2,"D7 U4"
BZX84C6V2L,1,"D8"
TEST,1,"J1"
MODE,1,"J2"
MICROUSB,1,"J3"
12V BATT,1,"J4"
DC Barrel,1,"K1"
2.2µ,1,"L1"
35µ,1,"L2"
block,1,"P2"
MOSFET_N,3,"Q1 Q2 Q3"
300,4,"R2 R12 R14 R20"
910,1,"R6"
1.7k,1,"R10"
2.2k,2,"R17 R19"
3.3k,1,"R18"
15k,6,"R1 R13 R15 R24 R25 R26"
100k,2,"R5 R9"
200k,1,"R16"
331.6k,1,"R8"
499k,1,"R4"
1M,1,"R21"
1.023M,1,"R7"
1.2M,1,"R3"
.088,1,"R11"
ARDUINO_SHIELD,1,"SHIELD1"
NCP18XH103,1,"TH1"
JTAG,1,"U1"
DS1339,1,"U2"
ATXMEGA128A3U,1,"U3"
GPS,1,"U5"
LT3652,1,"U7"
USB_TVS_WURTH,1,"U8"
SD,1,"U9"
PDI,1,"U10"
MCP9701A,1,"U11"
PWR,1,"U12"
TPS62140,1,"U6"
CRYSTAL,1,"X1"
